page,key,definition,en,fr,FR correction
Register,btnCreateAccount,Register.btnCreateAccount,Create account,Créer un compte,
Register,fullName,Register.fullName,Full name,Nom et prénom,
Register,gender,Register.gender,Gender,Genre,
Register,country,Register.country,Country of Origin,Pays d'origine,
Register,purposeAccount,Register.purposeAccount,Purpose of Account,Objet du compte,
Register,confirmPassword,Register.confirmPassword,Confirm Password,Confirmez le mot de passe,
Register,checkboxAgreement,Register.checkboxAgreement,I agree to the,J'accepte le,J'accepte les
Register,checkboxAgreementLink,Register.checkboxAgreementLink,PAT Terms,Conditions PAT,Conditions du PAT
Register,loginText,Register.loginText,Have an account?,Vous avez un compte ?,
Register,loginTextLink,Register.loginTextLink,Login,Se connecter,
common,email,common.email,E-mail,E-mail,
common,password,common.password,Password,Mot de passe,
common,confirmPassword,common.confirmPassword,Confirm Password,Confirmez le mot de passe,
common,contactText,common.contactText,The Partos Political Monitor is a political database with a weekly newsletter for all Partos members. Do you also want to register (for free) or do you have questions? Contact <email>here</email>,Le Partos Political Monitor est une base de données politique avec une newsletter hebdomadaire pour tous les membres de Partos. Vous souhaitez également vous inscrire (gratuitement) ou vous avez des questions ? Contactez <email>ici</email>,
common,male,common.male,Male,Mâle,Homme
common,female,common.female,Female,Femelle,Femme
common,other,common.other,Other,Autre,
common,passwordRule1,common.passwordRule1,Lowercase Character,Caractère minuscule,
common,passwordRule2,common.passwordRule2,Numbers,Nombres,Chiffres
common,passwordRule3,common.passwordRule3,Special Character,Caractère spécial,
common,passwordRule4,common.passwordRule4,Uppercase Character,Caractère majuscule,
common,passwordRule5,common.passwordRule5,No White Space,Pas d'espace blanc,Pas d'espaces blancs
common,passwordRule6,common.passwordRule6,Minimum 8 Characters,Minimum 8 caractères,
common,passwordUpdateSuccess,common.passwordUpdateSuccess,Password updated successfully,Mot de passe mis à jour avec succès,
common,passwordRequired,common.passwordRequired,Please input your Password!,Veuillez saisir votre mot de passe !,Veuillez entrer votre mot de passe!
common,passwordCriteriaError,common.passwordCriteriaError,False Password Criteria,Critères de faux mot de passe,Critères de mot de passe incorrects
common,passwordMatchError,common.passwordMatchError,"The two passwords that you entered do not match!,","Les deux mots de passe que vous avez saisis ne correspondent pas !,",
common,fullNameRequired,common.fullNameRequired,Please enter Fullname,Veuillez entrer le nom complet,
common,purposeAccountRequired,common.purposeAccountRequired,Please select the purpose of your account,Veuillez sélectionner l'objet de votre compte,
common,confirmPasswordRequired,common.confirmPasswordRequired,Please Confirm Password,Veuillez confirmer le mot de passe,
common,emailRequired,common.emailRequired,Please enter your E-mail,Veuillez entrer votre e-mail,
common,purposeOfAccount1,common.purposeOfAccount1,"I will facilitate a session for partnership evaluation (baseline, endline)","J'animerai une séance d'évaluation du partenariat (de base, finale)","Je vais animer une session d'évaluation de partenariat (baseline, endline)"
common,purposeOfAccount2,common.purposeOfAccount2,"I will participate in a session for partnership evaluation (baseline, endline)","Je participerai à une session d'évaluation du partenariat (baseline, endline)","Je vais participer à une session d'évaluation de partenariat (baseline, endline)"
common,purposeOfAccount3,common.purposeOfAccount3,I will facilitate a session to map power dynamics in a future consortium,J'animerai une session pour cartographier la dynamique du pouvoir dans un futur consortium,Je vais animer une session pour cartographier les dynamiques de pouvoir dans un futur consortium
common,purposeOfAccount4,common.purposeOfAccount4,I will participate in a session to map power dynamics in a future consortium,Je participerai à une session pour cartographier la dynamique du pouvoir dans un futur consortium,Je vais participer à une session pour cartographier les dynamiques de pouvoir dans un futur consortium
common,purposeOfAccount5,common.purposeOfAccount5,I am a student/ researcher and want to learn about power dynamics,Je suis étudiant/chercheur et je souhaite en savoir plus sur la dynamique du pouvoir,Je suis étudiant/chercheur et je veux en savoir plus sur les dynamiques de pouvoir
common,purposeOfAccount6,common.purposeOfAccount6,Other,Autre,
common,countryRequired,common.countryRequired,Please select your country,Veuillez sélectionner votre pays,
common,genderRequired,common.genderRequired,Please select your gender,Veuillez sélectionner votre sexe,
common,passwordStrength,common.passwordStrength,Password Strength: {progress} criteria met,Force du mot de passe : critères {progress} remplis,Force du mot de passe : {progress} critères remplis
common,checkAgreementRequired,common.checkAgreementRequired,Please review and check the agreement,Veuillez examiner et vérifier l'accord,
common,logout,common.logout,Logout,Déconnexion,
common,submit,common.submit,Submit,Soumettre,
common,search,common.search,Search,Recherche,
common,previous,common.previous,Previous,Précédent,
common,next,common.next,Next,Suivant,
common,facilitator,common.facilitator,Facilitator,Facilitateur,
common,joinHelpText,common.joinHelpText,"If you have not received a session code, please contact the session facilitator. For any other questions, visit our <faq>faq</faq> page","Si vous n'avez pas reçu un code de session, veuillez contacter le facilitateur de la session. Pour toute autre question, visitez notre page <faq>faq</faq>",
Register,successRegister,Register.successRegister,Success! Check your email to verify your account.,Succès! Vérifiez votre courrier électronique pour vérifier votre compte.,
Register,successVerified,Register.successVerified,Your account has been successfully verified,Votre compte a été vérifié avec succès,
Register,emailExists,Register.emailExists,A user with this email already exists.,Un utilisateur avec cette adresse e-mail existe déjà.,Un utilisateur avec cet e-mail existe déjà.
Register,countryOtherOption,Register.countryOtherOption,Other geographical region,Autre zone géographique,
Error,invalidEmail,Error.invalidEmail,Enter a valid email address.,Entrez une adresse e-mail valide.,
Error,required,Error.required,{field_title} is required.,{field_title} est obligatoire.,
Error,blank,Error.blank,{field_title} may not be blank,{field_title} n'est peut-être pas vide,
Error,null,Error.null,{field_title} may not be null.,{field_title} ne peut pas être nul.,
Error,500,Error.500,Internal Server Error. Please try again later.,Erreur interne du serveur. Veuillez réessayer plus tard.,
Error,invalidLogin,Error.invalidLogin,Invalid login credentials,Identifiants de connexion invalides,
Error,maxChar,Error.maxChar,{field_title} must be up to {number} characters,{field_title} doit contenir jusqu'à {number} caractères,
Login,loginText,Login.loginText,Login,Se connecter,
Login,createAccount,Login.createAccount,Create account,Créer un compte,
Login,forgotLink,Login.forgotLink,Forgot your password,Mot de passe oublié,
NotFound,title,NotFound.title,PAGE NOT FOUND,PAGE INTROUVABLE,PAGE NON TROUVÉE
NotFound,description,NotFound.description,The page you are looking for might have been removed had it’s name changed or is temporarily unavailable.,La page que vous recherchez a peut-être été supprimée si son nom a changé ou est temporairement indisponible.,
NotFound,backButton,NotFound.backButton,Homepage,Page d'accueil,
ForgotPassword,sendLink,ForgotPassword.sendLink,Send reset link,Envoyer le lien de réinitialisation,
ForgotPassword,backToLogin,ForgotPassword.backToLogin,Back to Login,Retour à la connexion,
ForgotPassword,emailSent,ForgotPassword.emailSent,Email sent successfully,E-mail envoyé avec succès,
ForgotPassword,emailSentDescription,ForgotPassword.emailSentDescription,Please check your email to reset your password,Veuillez vérifier votre courrier électronique pour réinitialiser votre mot de passe,Veuillez vérifier votre e-mail pour réinitialiser votre mot de passe
ForgotPassword,resetPassword,ForgotPassword.resetPassword,Reset Password,Réinitialiser le mot de passe,
ForgotPassword,invalidLinkTitle,ForgotPassword.invalidLinkTitle,Invalid or expired link,Lien invalide,Lien invalide ou expiré
ForgotPassword,invalidLinkMessage,ForgotPassword.invalidLinkMessage,The link has expired. Please request a new one.,Le lien de réinitialisation du mot de passe est invalide ou a expiré. Veuillez demander un nouveau lien de réinitialisation.,Le lien a expiré. Veuillez en demander un nouveau.
ForgotPassword,requestNewLink,ForgotPassword.requestNewLink,Request new link,Demander un nouveau lien,
ForgotPassword,successReset,ForgotPassword.successReset,Password reset successfully,Réinitialisation du mot de passe avec succès,
Dashboard,dashboard,Dashboard.dashboard,Dashboard,Tableau de bord,
Dashboard,support,Dashboard.support,Help,Aide,
Dashboard,faqs,Dashboard.faqs,FAQs,FAQ,Questions fréquemment posées
Dashboard,resources,Dashboard.resources,Resources,Ressources,
Dashboard,joinSession,Dashboard.joinSession,Join Session,Rejoindre la session,
Dashboard,newPATSession,Dashboard.newPATSession,New PAT Session,Nouvelle séance PAT,Nouvelle session PAT
Dashboard,aboutTitle,Dashboard.aboutTitle,About the PAT,À propos du PAT,À propos de Power Awareness Tool
Dashboard,aboutDescription,Dashboard.aboutDescription,"The PAT is a tool that can be used to facilitate, in a very structured way, a frank and open-minded discussion among partner organisations about the way important decisions are taken and should be taken. 

As the name suggests, the PAT makes partners aware about power relations in partnerships. Whereas power has many dimensions, the PAT focuses specifically on decision making power in partnerships. The core question in a PAT session is about: who in a partnership is taking decisions about what. This is important, because in many partnerships this is not very clear. Decisions are being taken while not necessarily everyone is aware that this is happening. Often nobody has any quarrel with this. Maybe everyone agrees with the decision, or agrees that the ones who have taken the decision have the mandate to do so. 
However, there are also situations in which some partners feel unhappy about how a decision has been taken. They believe that they have not been involved in a proper way. Maybe they believe they should have been the ones to take this decision, or they had wanted to have an equal vote in taking the decision. Maybe they feel that they have not been properly consulted. If such situations happen frequently, it may lead to frictions that undermine the partnership. The PAT helps to anticipate such situations by making partners more aware of where decision-making power is located in the partnership. The PAT makes power visible, and when it is visible, partners are in a position to discuss and agree on who should be involved in which way in taken certain decisions. This way the partnership is more likely to remain healthy.

Please note that the PAT does not prescribe how partner organisations should be involved in decision-making. That is up to the partners themselves to agree on. The PAT helps to have a frank and open-minded dialogue about how partners should be involved in decision-making.","Le PAT est un outil qui peut être utilisé pour faciliter, de manière très structurée, une discussion franche et ouverte entre les organisations partenaires sur la manière dont les décisions importantes sont et devraient être prises. \n\nComme son nom l'indique, le PAT sensibilise les partenaires aux relations de pouvoir dans les partenariats. Alors que le pouvoir a de nombreuses dimensions, le PAT se concentre spécifiquement sur le pouvoir de décision dans les partenariats. La question centrale d’une session PAT est la suivante : qui, dans un partenariat, prend des décisions sur quoi. C’est important, car dans de nombreux partenariats, cela n’est pas très clair. Des décisions sont prises alors que tout le monde n’en est pas nécessairement conscient. Souvent, personne n’y trouve à redire. Peut-être que tout le monde est d’accord avec la décision, ou est d’accord sur le fait que ceux qui ont pris la décision ont le mandat de le faire. \nCependant, il existe également des situations dans lesquelles certains partenaires se sentent mécontents de la manière dont une décision a été prise. Ils estiment qu’ils n’ont pas été impliqués de manière appropriée. Peut-être pensaient-ils qu’ils auraient dû prendre cette décision, ou qu’ils voulaient avoir un vote égal pour prendre la décision. Peut-être ont-ils le sentiment de ne pas avoir été consultés adéquatement. Si de telles situations se produisent fréquemment, cela peut entraîner des frictions qui mettent à mal le partenariat. Le PAT aide à anticiper de telles situations en sensibilisant les partenaires à la localisation du pouvoir de décision dans le partenariat. Le PAT rend le pouvoir visible, et lorsqu’il est visible, les partenaires sont en mesure de discuter et de se mettre d’accord sur qui devrait être impliqué, de quelle manière, dans certaines décisions. De cette façon, le partenariat a plus de chances de rester sain.\n\nVeuillez noter que le PAT ne prescrit pas la manière dont les organisations partenaires doivent être impliquées dans la prise de décision. C'est aux partenaires eux-mêmes de se mettre d'accord. Le PAT aide à avoir un dialogue franc et ouvert sur la manière dont les partenaires devraient être impliqués dans la prise de décision.","Le PAT est un outil qui peut être utilisé pour faciliter, de manière très structurée, une discussion franche et ouverte entre les organisations partenaires sur la manière dont les décisions importantes sont prises et devraient être prises.

Comme son nom l'indique, le PAT sensibilise les partenaires aux relations de pouvoir dans les partenariats. Alors que le pouvoir a de nombreuses dimensions, le PAT se concentre spécifiquement sur le pouvoir décisionnel dans les partenariats.
La question centrale d'une session PAT est la suivante : qui dans un partenariat prend des décisions sur quoi. C'est important, car dans de nombreux partenariats, cela n'est pas très clair.
Des décisions sont prises alors que tout le monde n'est pas forcément au courant que cela se passe. Souvent, personne ne trouve à redire à cela. Peut-être que tout le monde est d'accord avec la décision, ou convient que ceux qui ont pris la décision ont le mandat de le faire.
Cependant, il existe aussi des situations dans lesquelles certains partenaires se sentent mécontents de la manière dont une décision a été prise. Ils estiment ne pas avoir été impliqués de manière adéquate.
Peut-être croient-ils qu'ils auraient dû être ceux qui prennent cette décision, ou qu'ils auraient voulu avoir un vote égal pour prendre la décision. Peut-être estiment-ils ne pas avoir été correctement consultés.
Si de telles situations se produisent fréquemment, elles peuvent entraîner des frictions qui nuisent au partenariat. Le PAT aide à anticiper de telles situations en sensibilisant les partenaires à l'endroit où se trouve le pouvoir décisionnel dans le partenariat. Le PAT rend le pouvoir visible, et lorsqu'il est visible, les partenaires sont en mesure de discuter et de convenir de qui devrait être impliqué et comment dans la prise de certaines décisions. De cette manière, le partenariat est plus susceptible de rester sain.
Veuillez noter que le PAT ne prescrit pas comment les organisations partenaires doivent être impliquées dans la prise de décision. Cela dépend des partenaires eux-mêmes. Le PAT aide à avoir un dialogue franc et ouvert sur la manière dont les partenaires doivent être impliqués dans la prise de décision.
"
Dashboard,learnMore,Dashboard.learnMore,Learn More,Apprendre encore plus,En savoir plus
Dashboard,title,Dashboard.title,Welcome to your dashboard,Bienvenue sur votre tableau de bord,
Dashboard,subtitle,Dashboard.subtitle,"Here you can access both your active and closed sessions, or start / join a new session with the buttons on the right.","Ici, vous pouvez accéder à vos sessions actives et fermées, ou démarrer/rejoindre une nouvelle session avec les boutons à droite.","Ici, vous pouvez accéder à vos sessions actives et fermées, ou commencer / rejoindre une nouvelle session avec les boutons à droite."
Dashboard,closedSessions,Dashboard.closedSessions,Closed Sessions,Séances fermées,Sessions fermées
Dashboard,facilitatingTab,Dashboard.facilitatingTab,Facilitating,Faciliter,
Dashboard,viewingTab,Dashboard.viewingTab,Viewing,Affichage,
Dashboard,participantsCount,Dashboard.participantsCount,Participants:,Participants :,
Dashboard,active,Dashboard.active,Active,Actif,
Dashboard,facilitated,Dashboard.facilitated,Facilitated,Facilité,
Dashboard,participated,Dashboard.participated,Participated,Participé,
Dashboard,activeSessions,Dashboard.activeSessions,Active Sessions,Séances actives,Sessions actives
Dashboard,view,Dashboard.view,View,Voir,
Dashboard,downloadReport,Dashboard.downloadReport,Download Report,Télécharger le rapport,
Dashboard,details,Dashboard.details,Session info,Informations,
Dashboard,delete,Dashboard.delete,Delete,Supprimer,
CreateSession,title,CreateSession.title,Create New Session,Créer une nouvelle session,
CreateSession,sessionSection,CreateSession.sessionSection,Partnership Details,Détails du partenariat,
CreateSession,session_name,CreateSession.session_name,Name of the partnership,Nom du partenariat,
CreateSession,countries,CreateSession.countries,Countries,Pays,
CreateSession,sector,CreateSession.sector,Sector,Secteur,
CreateSession,orgSection,CreateSession.orgSection,What are the partner organisations represented in this meeting? (Use acronyms),Quelles sont les organisations partenaires représentées à cette réunion ? (Utilisez des acronymes),
CreateSession,orgName,CreateSession.orgName,Organization Name,Nom de l'organisation,
CreateSession,orgAcronym,CreateSession.orgAcronym,Acronym,Acronyme,
CreateSession,addOrgButton,CreateSession.addOrgButton,Add Partner Organization,Ajouter une organisation partenaire,
CreateSession,context,CreateSession.context,Context and purpose of PAT Session,Contexte et objectif de la session PAT,
CreateSession,otherSector,CreateSession.otherSector,Other Sector,Autre secteur,
CreateSession,date,CreateSession.date,Date,Date,
CreateSession,cancel,CreateSession.cancel,Cancel,Annuler,
CreateSession,save,CreateSession.save,Save,Sauvegarder,
CreateSession,orgMin2,CreateSession.orgMin2,At least add 2 organizations,Ajoutez au moins 2 organisations,
CreateSession,editTitle,CreateSession.editTitle,Edit Session,Modifier la session,
SessionDetails,title,SessionDetails.title,PAT session information,Informations sur la session PAT,
SessionDetails,partnerOrg,SessionDetails.partnerOrg,Partner Organizations ,Organisations partenaires ,
SessionDetails,participants,SessionDetails.participants,Participants,Participants,
SessionDetails,countries,SessionDetails.countries,Countries,Pays,
SessionDetails,inviteCode,SessionDetails.inviteCode,Invite Code,Code d'invitation,
SessionDetails,context,SessionDetails.context,Session Context,Contexte de la séance,Contexte de la session
SessionDetails,copyCodeButton,SessionDetails.copyCodeButton,Copy session information,Copier les informations de la session,
SessionDetails,copyContent,SessionDetails.copyContent,"You have been invited for a Power Awareness Session with the following details: 
Title: <name>session_name</name>
Partner organizations: <org>organization</org>
Session context: <context>context_text</context>

Please make an account or login at <url>domain</url>  and join the session using the following invite code: <code>join_code</code>","Vous avez été invité à une séance de sensibilisation au pouvoir avec les détails suivants : 
Titre : <name>nom_session</name>
Organisations partenaires : <org>organisation</org>
Contexte de session : <context>context_text</context>

Veuillez créer un compte ou vous connecter à <url>domain</url>  et rejoindre la session en utilisant le code d'invitation suivant : <code>join_code</code>",Vous avez été invité à une session de Power Awareness avec les détails suivants : Titre : <name>session_name</name> Organisations partenaires : <org>organization</org> Contexte de la session : <context>context_text</context> Veuillez créer un compte ou vous connecter sur <url>domain</url> et rejoindre la session en utilisant le code d'invitation suivant : <code>join_code</code>
SessionDetails,copySuccess,SessionDetails.copySuccess,The session join code has been copied to the clipboard,Le code de participation à la session a été copié dans le presse-papiers,
SessionDetails,partnerOrgLong,SessionDetails.partnerOrgLong,Partner organizations represented in this meeting,Organisations partenaires représentées à cette réunion,
SessionDetails,contextLong,SessionDetails.contextLong,PAT Session Context,Contexte de la session PAT,
Dashboard,gettingStarted,Dashboard.gettingStarted,Getting Started,Commencer,
Dashboard,createNewTitle,Dashboard.createNewTitle,Initiate New PAT Session,Lancer une nouvelle session PAT,
Dashboard,createStep1,Dashboard.createStep1,Create a New PAT Session,Créer une nouvelle session PAT,
Dashboard,createStep2,Dashboard.createStep2,Add Partner Details,Ajouter des détails sur le partenaire,
Dashboard,createStep3,Dashboard.createStep3,Facilitate PAT session,Animer la séance PAT,Animer la session PAT
Dashboard,joinTitle,Dashboard.joinTitle,Join PAT Session,Rejoignez la session PAT,
Dashboard,joinStep1,Dashboard.joinStep1,Enter Session Code : you will receive this code from the facilitator that initiates this PAT session,Entrez le code de session : vous recevrez ce code de l'animateur qui initie cette session PAT,Entrez le code de session : vous recevrez ce code du facilitateur qui initie cette session PAT
Dashboard,joinStep2,Dashboard.joinStep2,Define Organization & Role,Définir l'organisation et le rôle,
Dashboard,joinStep3,Dashboard.joinStep3,PAT View only mode,PAT Mode affichage uniquement,
Dashboard,enterCodePlaceholder,Dashboard.enterCodePlaceholder,Enter Session Code Received  from facilitator,Entrez le code de session reçu du facilitateur,
Dashboard,enterCode,Dashboard.enterCode,Enter Code,Entrez le code,
Dashboard,selectOrg,Dashboard.selectOrg,Organisation,Organisation,
Dashboard,selectRole,Dashboard.selectRole,Role in partnership,Rôle dans le partenariat,
Dashboard,invalidJoinExists,Dashboard.invalidJoinExists,You have already joined.,Vous avez déjà rejoint.,
Dashboard,invalidJoinCode,Dashboard.invalidJoinCode,Invalid Join code,Code d'adhésion invalide,
Dashboard,invalidJoinOwner,Dashboard.invalidJoinOwner,You are the owner and already part of the session.,Vous êtes le propriétaire et faites déjà partie de la session.,
Dashboard,alertInActive,Dashboard.alertInActive,"You can publish this active session once the selected date matches today’s date. To change this setting, please edit it now","Vous pourrez publier cette session active une fois que la date sélectionnée correspond à la date du jour. Pour modifier ce paramètre, veuillez le modifier maintenant",
Landing,title,Landing.title,The Power Awareness Tool,L'outil de sensibilisation au pouvoir,Power Awareness Tool
Landing,description,Landing.description,"The decision to develop the Power Awareness Tool is based on the assumption that if partners have a better understanding of the way power works in the partnership, they will be in a better position to work towards shifting power in accordance with their shared principles.","La décision de développer l’outil de sensibilisation au pouvoir repose sur l’hypothèse que si les partenaires comprennent mieux la manière dont le pouvoir fonctionne au sein du partenariat, ils seront dans une meilleure position pour œuvrer à un transfert de pouvoir conformément à leurs principes communs.","La décision de développer le Power Awareness Tool repose sur l’hypothèse que si les partenaires comprennent mieux la manière dont le pouvoir fonctionne au sein du partenariat, ils seront dans une meilleure position pour œuvrer à un transfert de pouvoir conformément à leurs principes communs."
Landing,createAccount,Landing.createAccount,Start now,Commencez maintenant,
Landing,madePossibleBy,Landing.madePossibleBy,Made possible by,Rendu possible par,
Landing,login,Landing.login,Login,Se connecter,
Landing,features,Landing.features,Features,Caractéristiques,
Landing,whyUsePAT,Landing.whyUsePAT,Why use the Power Awareness Tool?,Pourquoi utiliser l'outil de sensibilisation au pouvoir ?,Pourquoi utiliser le Power Awareness Tool?
Landing,whyUseSubtitle,Landing.whyUseSubtitle,PAT makes partners aware about power relations in partnerships the PAT focuses specifically on decision-making power in partnerships.,PAT sensibilise les partenaires aux relations de pouvoir dans les partenariats. Le PAT se concentre spécifiquement sur le pouvoir décisionnel dans les partenariats.,
Landing,howItWorkDesc,Landing.howItWorkDesc,"There is widespread consensus that in partnerships for development, donors, and international NGOs have too much power, and local NGOs in the Global South too little. Despite this consensus, the power imbalances persist. Apparently, it is hard to put the principles into practice. Those with the most power, usually the donors, and to a lesser extent the INGOs, are not always the most knowledgeable about the local situation or about the change needed and how. While there is broad consensus on this, power imbalances persist. We believe this is partly because power is in many ways elusive. Therefore, Shift-The-Power-Lab developed the Power Awareness Tool ","Il existe un large consensus selon lequel, dans les partenariats pour le développement, les donateurs et les ONG internationales ont trop de pouvoir, et les ONG locales du Sud trop peu. Malgré ce consensus, les déséquilibres de pouvoir persistent. Apparemment, il est difficile de mettre ces principes en pratique. Ceux qui ont le plus de pouvoir, généralement les donateurs et, dans une moindre mesure, les ONGI, ne sont pas toujours les mieux informés de la situation locale ou des changements nécessaires et de la manière dont ils le sont. Même s’il existe un large consensus sur ce point, les déséquilibres de pouvoir persistent. Nous pensons que cela est dû en partie au fait que le pouvoir est, à bien des égards, insaisissable. Par conséquent, Shift-The-Power-Lab a développé l'outil de sensibilisation au pouvoir ",
Landing,howItWork,Landing.howItWork,How it works,Comment ça marche,
Landing,learnMore,Landing.learnMore,Learn More,Apprendre encore plus,
Landing,newWaysTitle,Landing.newWaysTitle,New ways of Collaboration,De nouvelles façons de collaborer,
Landing,newWaysDesc1,Landing.newWaysDesc1,Partos facilitates the transition towards more equitable partnerships within development cooperation.,Partos facilite la transition vers des partenariats plus équitables au sein de la coopération au développement.,
Landing,newWaysDesc2,Landing.newWaysDesc2,"We do this by tackling the problem of power imbalances between civil society organisations, moving from top-heavy and top-down systems of international development and philanthropy towards a flatter and more equitable paradigm of people-based development. 
Under the Shift the Power Lab 2.0, Partos is scaling its efforts to accelerate the power dynamics shift within international development cooperation by co-creating practical solutions for systems change.","Nous y parvenons en abordant le problème des déséquilibres de pouvoir entre les organisations de la société civile, en passant de systèmes de développement international et de philanthropie hiérarchiques et descendants vers un paradigme plus plat et plus équitable de développement basé sur les personnes. 
Dans le cadre du Shift the Power Lab 2.0, Partos intensifie ses efforts pour accélérer le changement de dynamique de pouvoir au sein de la coopération internationale au développement en co-créant des solutions pratiques pour le changement des systèmes.",
Landing,faqTitle,Landing.faqTitle,Frequently asked questions,Questions fréquemment posées,
Landing,faqSubtitle,Landing.faqSubtitle,Everything you need to know about the Power Awareness Tool,Tout ce que vous devez savoir sur l'outil de sensibilisation au pouvoir,Tout ce que vous devez savoir sur le Power Awareness Tool
Landing,quotes,Landing.quotes,"""Power balance and understanding of power relations in partnerships cannot be wished away. This tool has been vital in helping the partners in both Kenya and Ethiopia to reflect, understand and come up with concrete steps towards balancing power with a more clear understanding of their obligations, roles and responsibility. I wish we had in fact used this tool earlier in the partnership."" - Susan Githaiga (Civic Engagement Alliance/ICCO Coordinator Kenya)","""L'équilibre des pouvoirs et la compréhension des relations de pouvoir dans les partenariats ne peuvent être souhaités. Cet outil a été essentiel pour aider les partenaires du Kenya et de l'Éthiopie à réfléchir, comprendre et proposer des mesures concrètes vers un équilibre des pouvoirs avec une compréhension plus claire de leurs obligations. , les rôles et les responsabilités. J'aurais aimé que nous ayons effectivement utilisé cet outil plus tôt dans le partenariat."" - Susan Githaiga (Civic Engagement Alliance/ICCO Coordinatrice Kenya)",
Landing,topics,Landing.topics,Topics,Sujets,
Landing,forMembers,Landing.forMembers,For Members,Pour les membres,
Landing,mostVisited,Landing.mostVisited,Most Visited,Les plus visités,
Landing,contact,Landing.contact,Contact,Contact,
Landing,topics1,Landing.topics1,News & Media,Actualités et médias,
Landing,topics2,Landing.topics2,Agenda,Ordre du jour,
Landing,topics3,Landing.topics3,Vacancies for Member,Postes vacants pour les membres,
Landing,topics4,Landing.topics4,NewsBrief,Actualités,
Landing,login,Landing.login,Login,Se connecter,
Landing,forMembers2,Landing.forMembers2,Political Monitor,Moniteur politique,
Landing,forMembers3,Landing.forMembers3,Code of Conduct & Integrity,Code de conduite et d'intégrité,
Landing,forMembers4,Landing.forMembers4,Partos 9001,Partos 9001,
Landing,mostVisited1,Landing.mostVisited1,Over Partos,Au-dessus de Partos,À propos de Partos
Landing,mostVisited2,Landing.mostVisited2,Our Members,Nos membres,
Landing,mostVisited3,Landing.mostVisited3,Publications & Results,Publications et résultats,
Landing,cookies,Landing.cookies,Cookies,Cookies,
Landing,termNConditions,Landing.termNConditions,Terms & Conditions,Conditions générales,
Landing,poweredBy,Landing.poweredBy,Powered by,Alimenté par,Générée par
Session,menuStep1,Session.menuStep1,List important decisions,Énumérez les décisions importantes,
Session,menuStep2,Session.menuStep2,Determine actual level of participation,Déterminer le niveau réel de participation,
Session,menuStep3,Session.menuStep3,Reflect on actual level of participation,Réfléchir au niveau réel de participation,
Session,menuStep4,Session.menuStep4,Desired level of participation,Niveau de participation souhaité,
Session,menuStep5,Session.menuStep5,Action for Change,Action pour le changement,
Session,menuStep6,Session.menuStep6,Close PAT Session,Fermer la session PAT,
Session,statusWIP,Session.statusWIP,In Progress,En cours,
Session,statusPending,Session.statusPending,Not Started,Non démarré,
Session,statusDone,Session.statusDone,Completed,Complété,
Session,titleStep1,Session.titleStep1,Decisions,Décisions,
Session,titleStep2,Session.titleStep2,Level of Participation ,Niveau de participation ,
Session,titleStep3,Session.titleStep3,Reflect on actual level of participation,Réfléchir au niveau réel de participation,
Session,titleStep4,Session.titleStep4,Desired level of participation,Niveau de participation souhaité,
Session,titleStep5,Session.titleStep5,Action for Change,Action pour le changement,
Session,titleStep6,Session.titleStep6,Closing the PAT Session,Clôture de la session PAT,
Session,downloadPdf,Session.downloadPdf,Download PDF Report,Télécharger le rapport PDF,
Session,back,Session.back,Back,Dos,
Session,submitComments,Session.submitComments,Submit Comments,Soumettre des commentaires,
Session,saveNExit,Session.saveNExit,Save & Exit,Enregistrer et quitter,
Session,next,Session.next,Next,Suivant,
Session,publish,Session.publish,Publish,Publier,
Session,cancel,Session.cancel,Cancel,Annuler,
Session,step1Placeholder,Session.step1Placeholder,Write decision,Rédiger la décision,
Session,step1Title,Session.step1Title,Identification of important decisions to be made in the partnership,Identification des décisions importantes à prendre dans le partenariat,
Session,step1Desc,Session.step1Desc,"Each participant should come up with at least one important decision taken in the partnership in the past, that they would like to be reflected on in the PAT session. If two or more participants come up with very similar types of decisions, the facilitator will cluster them. Please note: the reflection is meant to be about the decision-making process and not about whether the decision was good or bad.  Core questions that will be addressed in the PAT session are: Who was involved in taking this decision and how?  Are we satisfied with the decision-making process, or is there room for improvement?","Chaque participant doit proposer au moins une décision importante prise dans le partenariat dans le passé, sur laquelle il aimerait que l'on réfléchisse lors de la session PAT. Si deux participants ou plus arrivent à des types de décisions très similaires, l'animateur les regroupera. Attention : la réflexion vise à porter sur le processus de prise de décision et non sur la question de savoir si la décision était bonne ou mauvaise.  Les questions principales qui seront abordées lors de la session PAT sont les suivantes : qui a été impliqué dans la prise de cette décision et comment ?  Sommes-nous satisfaits du processus de prise de décision ou y a-t-il place à des améliorations ?",
Session,decision,Session.decision,Decision,Décision,
Session,addDecision,Session.addDecision,Add Decision,Ajouter une décision,
Session,step2Title,Session.step2Title,Determining the actual level of participation in decision making,Déterminer le niveau réel de participation à la prise de décision,
Session,step2Desc,Session.step2Desc,"For each listed decision, the actual level of participation in taking this decision is assessed and scored for each partner organisation. For this we use the ladder of participation in decision-making. Depending on the level of participation, the score will range between 0 (not involved) and 4 (partner decides).","Pour chaque décision répertoriée, le niveau réel de participation à la prise de cette décision est évalué et noté pour chaque organisation partenaire. Pour cela, nous utilisons l'échelle de participation à la prise de décision. Selon le niveau de participation, la note sera comprise entre 0 (non impliqué) et 4 (le partenaire décide).",
Session,score,Session.score,Score,Score,
Session,step3Desc,Session.step3Desc,"In step 3 the facilitator takes the group through the list of decisions, one by one. With regard to each of these decisions the facilitator asks the question: Do we agree with the way partner organsiation are involved in taking these type of decisions?
 In case everyone agrees the facilitator notes ""agree"". 
 In case one or more partners does not agree, the facilitator notes ""No agreement"".
All decisions marked with a ""No"" are the type of decisions that require a different approach. These will be taken to the next step 4.","À l’étape 3, l’animateur présente au groupe la liste des décisions, une par une. Concernant chacune de ces décisions, l'animateur pose la question : Sommes-nous d'accord avec la manière dont les organisations partenaires sont impliquées dans la prise de ce type de décisions ?\n Si tout le monde est d’accord, l’animateur note « d’accord ». \n Dans le cas où un ou plusieurs partenaires ne sont pas d'accord, l'animateur note « Pas d'accord ».\nToutes les décisions marquées d'un « Non » sont le type de décisions qui nécessitent une approche différente. Ceux-ci passeront à l’étape suivante 4.","À l’étape 3, le facilitateur présente au groupe la liste des décisions, une par une. Concernant chacune de ces décisions, le facilitateur pose la question : Sommes-nous d'accord avec la manière dont les organisations partenaires sont impliquées dans la prise de ce type de décisions ?\n Si tout le monde est d’accord, le facilitateur note « d’accord ». \n Dans le cas où un ou plusieurs partenaires ne sont pas d'accord, le facilitateur note « Pas d'accord ».\nToutes les décisions marquées d'un « Non » sont le type de décisions qui nécessitent une approche différente. Ceux-ci passeront à l’étape suivante 4."
Session,agree,Session.agree,Agree?,Accepter?,
Session,yes,Session.yes,Yes,Oui,
Session,no,Session.no,No,Non,
Session,score4,Session.score4,4. Partner decides,4. Le partenaire décide,
Session,score3,Session.score3,3. Partner co-decides ,3. Le partenaire codécide ,
Session,score2,Session.score2,2. Partner is consulted before a decision is made,2. Le partenaire est consulté avant qu'une décision ne soit prise,
Session,score1,Session.score1,"1. Partner is informed about decision-making, but has no say","1. Le partenaire est informé de la prise de décision, mais n'a pas son mot à dire",
Session,score0,Session.score0,0. Partner is not informed in the decision-making and excluded from the decision making process,0. Le partenaire n'est pas informé de la prise de décision et exclu du processus de prise de décision,
Session,step4Desc,Session.step4Desc,"In step 4 we focus only on those decisions indicated with ""no agreement"". Apparently, one or more partners believe that they and/or others should have been involved in a different way in taking these decisions. For each of these decisions, the question needs to be answered: <italic>How do we want partner organisations in the future to be involved in taking such decisions?</italic> To answer this question the facilitator needs to guide participants in a discussion that ideally should lead to consensus about the desired level of participation of each partner. If consensus is achieved on the desired level of participation by each partner, the facilitator indicates the desired level of participation in the table.","À l'étape 4, nous nous concentrons uniquement sur les décisions indiquées par « pas d'accord ». Apparemment, un ou plusieurs partenaires estiment qu'eux-mêmes et/ou d'autres auraient dû être impliqués d'une manière différente dans la prise de ces décisions. Pour chacune de ces décisions, il faut répondre à la question : <italic>Comment souhaitons-nous que les organisations partenaires à l'avenir soient impliquées dans la prise de telles décisions ?</italic> Pour répondre à cette question, l'animateur doit guider les participants dans une discussion. cela devrait idéalement conduire à un consensus sur le niveau de participation souhaité de chaque partenaire. Si un consensus est atteint sur le niveau de participation souhaité par chaque partenaire, l'animateur indique le niveau de participation souhaité dans le tableau.","À l'étape 4, nous nous concentrons uniquement sur les décisions indiquées par « pas d'accord ». Apparemment, un ou plusieurs partenaires estiment qu'eux-mêmes et/ou d'autres auraient dû être impliqués de manière différente dans la prise de ces décisions. Pour chacune de ces décisions, la question Il faut répondre : comment voulons-nous que les organisations partenaires à l’avenir soient impliquées dans la prise de telles décisions ?
Pour répondre à cette question, le facilitateur doit guider les participants dans une discussion qui devrait idéalement conduire à un consensus sur le niveau de participation souhaité de chaque partenaire. Si un consensus est atteint sur le niveau de participation souhaité par chaque partenaire, le facilitateur indique le niveau de participation souhaité dans le tableau."
Session,step5Title,Session.step5Title,Action to be taken in order to achieve the desired level of participation,Actions à entreprendre pour atteindre le niveau de participation souhaité,
Session,step5Desc,Session.step5Desc,"In the fifth and final step of the PAT exercise participants have to figure out what action needs to be taken in order to get to the desired level of participation. Of course, this is only applicable to types of decision making where the desired level of participation differs from the actual level of participation. ","Dans la cinquième et dernière étape de l'exercice PAT, les participants doivent déterminer quelles mesures doivent être prises pour atteindre le niveau de participation souhaité. Bien entendu, cela ne s’applique qu’aux types de prise de décision dans lesquels le niveau de participation souhaité diffère du niveau de participation réel. ",
Session,step6Comment,Session.step6Comment,Each participant can write down any closing comment or feedback about this session (optional):,Chaque participant peut écrire tout commentaire de clôture ou retour sur cette session (facultatif) :,
Session,step6CommentPlaceholder,Session.step6CommentPlaceholder,Closing comments & Feedback,Commentaires de clôture et commentaires,
Session,step6Title,Session.step6Title,To be filled in by facilitator:,A remplir par l'animateur :,A remplir par le facilitateur
Session,step6Notes,Session.step6Notes,Notes on decision-making processes on which there was no agreement (optional):,Notes sur les processus décisionnels sur lesquels il n’y a pas eu d’accord (facultatif) :,
Session,step6NotesPlaceholder,Session.step6NotesPlaceholder,Write summary here,Écrivez le résumé ici,
Session,step6Summary,Session.step6Summary,Concluding remarks (optional): ,Remarques finales (facultatif) : ,
Session,step6SummaryPlaceholder,Session.step6SummaryPlaceholder,Write summary here,Écrivez le résumé ici,
Session,partnerComments,Session.partnerComments,Partner Comments,Commentaires des partenaires,
Session,closingRemarks,Session.closingRemarks,Closing Remarks:,Remarques finales :,
Session,getPdfTitle,Session.getPdfTitle,Get a PDF Copy:,Obtenez une copie PDF :,
Session,publishPAT,Session.publishPAT,Publish the PAT Session,Publier la session PAT,
Session,title,Session.title,Title,Titre,
Session,description,Session.description,Description,Description,
Session,participatingOrg,Session.participatingOrg,Participating Organizations,Organisations participantes,
Session,publishAlert,Session.publishAlert,"By publishing your PAT Session will no longer be editable, you will however still be able to access a View only version of the session and be able to download a PDF report of the PAT session.","En publiant votre session PAT ne sera plus modifiable, vous pourrez cependant toujours accéder à une version en visualisation seule de la session et pourrez télécharger un rapport PDF de la session PAT.",
Session,publishCheckbox,Session.publishCheckbox,I understand the implications of publishing the PAT Session,Je comprends les implications de la publication de la session PAT,
Session,decisionMin2,Session.decisionMin2,At least add 1 decision,Ajoutez au moins 1 décision,
Session,helpStep1Text1,Session.helpStep1Text1,"Each participant should come up with at least one important decision taken in the partnership in the past, that they would like to be reflected on in the PAT session. If the PAT is used in a starting partnership that does not have a long track-record of decision-making, participants should be asked to think of at least one important decision to be taken in the near future.This step can be facilitated in various ways. Preferably, participants can be asked before the PAT session to come up with decisions that they want to reflect on. This approach is recommended because it saves valuable time during  the PAT session, and it gives the facilitator more time to prepare the list of important decisions. Alternatively, if participants cannot contribute to the list of decisions on beforehand, they can be asked in the PAT session to take some 15-20 minutes for themselves to contemplate decision making in the partnership and contribute to the list.","Chaque participant doit proposer au moins une décision importante prise dans le partenariat dans le passé, sur laquelle il aimerait que l'on réfléchisse lors de la session PAT. Si le PAT est utilisé dans un partenariat débutant qui n’a pas une longue expérience en matière de prise de décision, il convient de demander aux participants de réfléchir à au moins une décision importante à prendre dans un avenir proche. Cette étape peut être facilitée de diverses manières. façons. De préférence, il peut être demandé aux participants avant la session PAT de proposer des décisions sur lesquelles ils souhaitent réfléchir. Cette approche est recommandée car elle permet de gagner un temps précieux lors de la session PAT et donne au facilitateur plus de temps pour préparer la liste des décisions importantes. Alternativement, si les participants ne peuvent pas contribuer à la liste des décisions au préalable, il peut leur être demandé lors de la session PAT de prendre 15 à 20 minutes pour eux-mêmes pour réfléchir à la prise de décision dans le partenariat et contribuer à la liste.",
Session,helpStep1Text2,Session.helpStep1Text2,"Please note: the reflection is meant to be about the decision-making process and not about whether the decision was good or bad.  Core questions that will be addressed in the PAT session are: Who was involved in taking this decision and how?  Are we satisfied with the decision-making process, or is there room for improvement?",Attention : la réflexion vise à porter sur le processus de prise de décision et non sur la question de savoir si la décision était bonne ou mauvaise.  Les questions principales qui seront abordées lors de la session PAT sont les suivantes : qui a été impliqué dans la prise de cette décision et comment ?  Sommes-nous satisfaits du processus de prise de décision ou y a-t-il place à des améliorations ?,
Session,helpStep1Text3,Session.helpStep1Text3,"After all participants have made their contributions, the facilitator makes a list of all these decisions. If some of the participants mention the same decision or the same type of decisions, these are grouped together in one category. ","Une fois que tous les participants ont apporté leur contribution, l'animateur dresse une liste de toutes ces décisions. Si certains participants évoquent la même décision ou le même type de décisions, celles-ci sont regroupées dans une seule catégorie. ","Une fois que tous les participants ont apporté leur contribution, le facilitateur dresse une liste de toutes ces décisions. Si certains participants évoquent la même décision ou le même type de décisions, celles-ci sont regroupées dans une seule catégorie. "
Session,helpStep1Text4,Session.helpStep1Text4,"Please note that formulating the decisions in an unambiguous and meaningful way can be challenging. The challenge is to formulate decisions in a way that they are not too general and not too specific.For example, Decisions about the allocation of resources can be a formulation that is too broad for having a meaningful discussion. Every partner will, in one or another way, have some decision-making power in the allocation of resources. This issue is, at what level? Therefore, in many cases it could be better to split allocation of resources into several sub-categories such as for example:","Veuillez noter que formuler les décisions de manière claire et significative peut s’avérer difficile. Le défi consiste à formuler les décisions de manière à ce qu'elles ne soient ni trop générales ni trop spécifiques. Par exemple, les décisions concernant l'allocation des ressources peuvent être une formulation trop large pour avoir une discussion significative. Chaque partenaire aura, d’une manière ou d’une autre, un certain pouvoir de décision dans l’allocation des ressources. Cette problématique se situe à quel niveau ? Par conséquent, dans de nombreux cas, il pourrait être préférable de diviser l’allocation des ressources en plusieurs sous-catégories, comme par exemple :",
Session,helpStep1a,Session.helpStep1a,Decisions about the allocation of resources among countries,Décisions concernant la répartition des ressources entre les pays,
Session,helpStep1b,Session.helpStep1b,Decisions about the allocation of resources among partners in a country,Décisions concernant l'allocation des ressources entre les partenaires d'un pays,
Session,helpStep1c,Session.helpStep1c,Decisions about the allocation of resources to specific projects,Décisions concernant l'allocation des ressources à des projets spécifiques,
Session,helpStep1Text5,Session.helpStep1Text5,"There is also a risk in becoming too specific and making too many sub-categories of decsions. Bear in mind that each sub-category tends to be discussed. If the subcategorization is too detailed, such discussions may end up in tiresome and time-consuming splitting of hairs. Avoid this through focusing on the big issues.","Il existe également un risque à devenir trop précis et à prendre trop de sous-catégories de décisions. Gardez à l’esprit que chaque sous-catégorie a tendance à être discutée. Si la sous-catégorisation est trop détaillée, de telles discussions peuvent aboutir à des discussions fastidieuses et chronophages. Évitez cela en vous concentrant sur les grands problèmes.",
Session,helpStep1TextEnd,Session.helpStep1TextEnd,"If this list is becoming very long (more than 10 for example) it could be useful to prioritize. This could be done by asking each participant to indicate the top 5 decisions that need to be discussed in this PAT session. The decision that gets the most votes is put on top of the list, followed by the decision that gets the second highest number of votes, followed by the decision that gets the third highest number of votes etc.","Si cette liste devient très longue (plus de 10 par exemple) il pourrait être utile d'établir des priorités. Cela pourrait être fait en demandant à chaque participant d'indiquer les 5 principales décisions qui doivent être discutées lors de cette session PAT. La décision qui obtient le plus de voix est placée en tête de liste, suivie de la décision qui obtient le deuxième plus grand nombre de voix, suivie de la décision qui obtient le troisième plus grand nombre de voix, etc.",
Session,helpStep2Text1,Session.helpStep2Text1,"For each of the decisions listed in the first column of the matrix, the actual level of participation in taking this decision is assessed and scored for each partner organisation . For this we use the ladder of participation in decision-making. Depending on the level of participation, the a score will range between 0 (not involved) and 4 (partner decides).","Pour chacune des décisions répertoriées dans la première colonne de la matrice, le niveau réel de participation à la prise de cette décision est évalué et noté pour chaque organisation partenaire. Pour cela, nous utilisons l'échelle de participation à la prise de décision. Selon le niveau de participation, le score sera compris entre 0 (non impliqué) et 4 (le partenaire décide).",
Session,helpStep2Text2,Session.helpStep2Text2,"For each partner organisation and each decision, the level of participation will be determined through a brief discussion among participants moderated by the facilitator. From practice we have learned that this is a rather straightforward process. However, if participants have diverging perspectives of the way their organisation or other partner organisations are involved in the decision making, the facilitator needs to lead partners in a discussion in which they share evidence and experiences on what actually happened when these decisions were made.","Pour chaque organisation partenaire et chaque décision, le niveau de participation sera déterminé à travers une brève discussion entre les participants modérée par l'animateur. La pratique nous a appris qu’il s’agit d’un processus plutôt simple. Cependant, si les participants ont des points de vue divergents sur la manière dont leur organisation ou d’autres organisations partenaires sont impliquées dans la prise de décision, l’animateur doit diriger les partenaires dans une discussion au cours de laquelle ils partagent des preuves et des expériences sur ce qui s’est réellement passé lorsque ces décisions ont été prises.","Pour chaque organisation partenaire et chaque décision, le niveau de participation sera déterminé à travers une brève discussion entre les participants modérée par l'animateur. La pratique nous a appris qu’il s’agit d’un processus plutôt simple. Cependant, si les participants ont des points de vue divergents sur la manière dont leur organisation ou d’autres organisations partenaires sont impliquées dans la prise de décision, le facilitateur doit diriger les partenaires dans une discussion au cours de laquelle ils partagent des preuves et des expériences sur ce qui s’est réellement passé lorsque ces décisions ont été prises."
Session,helpStep3,Session.helpStep3,"In step 3 the facilitator takes the group through the list of decisions, one by one. With regard to each of these decisions the facilitator asks the question: Do we agree with the way partner organisations are involved in taking these type of decisions?","À l’étape 3, l’animateur présente au groupe la liste des décisions, une par une. Concernant chacune de ces décisions, l'animateur pose la question : Sommes-nous d'accord avec la manière dont les organisations partenaires sont impliquées dans la prise de ce type de décisions ?\n Si tout le monde est d’accord, l’animateur note « d’accord ». \n Dans le cas où un ou plusieurs partenaires ne sont pas d'accord, l'animateur note « Pas d'accord ».\nToutes les décisions marquées d'un « Non » sont le type de décisions qui nécessitent une approche différente. Ceux-ci passeront à l’étape suivante 4.","À l’étape 3, le facilitateur présente au groupe la liste des décisions, une par une. Concernant chacune de ces décisions, le facilitateur pose la question : Sommes-nous d'accord avec la manière dont les organisations partenaires sont impliquées dans la prise de ce type de décisions ?\n Si tout le monde est d’accord, l’animateur note « d’accord ». \n Dans le cas où un ou plusieurs partenaires ne sont pas d'accord, l'animateur note « Pas d'accord ».\nToutes les décisions marquées d'un « Non » sont le type de décisions qui nécessitent une approche différente. Ceux-ci passeront à l’étape suivante 4."
Session,helpStep3a,Session.helpStep3a,"In case everyone agrees the facilitator notes ""agree"".","Si tout le monde est d’accord, l’animateur note « d’accord ».","Si tout le monde est d’accord, le facilitateur note « d’accord »."
Session,helpStep3b,Session.helpStep3b,"In case one or more partners does not agree, the facilitator notes ""No agreement"".","Dans le cas où un ou plusieurs partenaires ne sont pas d'accord, l'animateur note « Pas d'accord ».","Dans le cas où un ou plusieurs partenaires ne sont pas d'accord, le facilitateur note « Pas d'accord »."
Session,helpStep4,Session.helpStep4,"In step 4 we focus only on those decisions indicated with ""no agreement"". Apparently, one or more partners believe that they and/or others should have been involved in a different way in taking these decisions. For each of these decisions, the question needs to be answered: <italic>How do we want partner organisations in the future to be involved in taking such decisions?</italic> To answer this question the facilitator needs to guide participants in a discussion that ideally should lead to consensus about the desired level of participation of each partner. If consensus is achieved on the desired level of participation by each partner, the facilitator indicates the desired level of participation in the table.","À l'étape 4, nous nous concentrons uniquement sur les décisions indiquées par « pas d'accord ». Apparemment, un ou plusieurs partenaires estiment qu'eux-mêmes et/ou d'autres auraient dû être impliqués d'une manière différente dans la prise de ces décisions. Pour chacune de ces décisions, il faut répondre à la question : <italic>Comment souhaitons-nous que les organisations partenaires à l'avenir soient impliquées dans la prise de telles décisions ?</italic> Pour répondre à cette question, l'animateur doit guider les participants dans une discussion. cela devrait idéalement conduire à un consensus sur le niveau de participation souhaité de chaque partenaire. Si un consensus est atteint sur le niveau de participation souhaité par chaque partenaire, l'animateur indique le niveau de participation souhaité dans le tableau.","À l'étape 4, nous nous concentrons uniquement sur les décisions indiquées par « pas d'accord ». Apparemment, un ou plusieurs partenaires estiment qu'eux-mêmes et/ou d'autres auraient dû être impliqués d'une manière différente dans la prise de ces décisions. 

Pour chacune de ces décisions, il faut répondre à la question suivante : comment voulons-nous que les organisations partenaires à l’avenir soient impliquées dans la prise de telles décisions ?

Pour répondre à cette question, le facilitateur doit guider les participants dans une discussion qui devrait idéalement conduire à un consensus sur le niveau de participation souhaité de chaque partenaire.

Si un consensus est atteint sur le niveau de participation souhaité par chaque partenaire, le facilitateur indique le niveau de participation souhaité dans le tableau."
Session,helpStep5,Session.helpStep5,"In the fifth and final step of the PAT exercise participants have to figure out what action needs to be taken in order to get to the desired level of participation. Of course, this is only applicable to types of decision making where the desired level of participation differs from the actual level of participation. ","Dans la cinquième et dernière étape de l'exercice PAT, les participants doivent déterminer quelles mesures doivent être prises pour atteindre le niveau de participation souhaité. Bien entendu, cela ne s’applique qu’aux types de prise de décision dans lesquels le niveau de participation souhaité diffère du niveau de participation réel. ",
Session,helpStep6,Session.helpStep6,"Lorem ipsum dolor sit amet, consectetur adipiscing elit, sed do eiusmod tempor incididunt ut labore et dolore magna aliqua. ","Lorem ipsum dolor sit amet, consectetur adipiscing elit, sed do eiusmod tempor incididunt ut labore et dolore magna aliqua. ",
Session,notes,Session.notes,Notes,Remarques,
Session,notesLong,Session.notesLong,Notes on the Decision making processes,Notes sur les processus de prise de décision,Remarques sur les processus de prise de décision
Session,summaryLong,Session.summaryLong,Closing Remarks,Mot de clôture,
FAQ,faqs,FAQ.faqs,FAQS,FAQS,
FAQ,title,FAQ.title,Frequently asked questions,Questions fréquemment posées,
FAQ,subTitle,FAQ.subTitle,Everything you need to know about the Power Awareness Tool,Tout ce que vous devez savoir sur l'outil de sensibilisation au pouvoir,Tout ce que vous devez savoir sur le Power Awareness Tool
FAQ,question1,FAQ.question1,"Can the PAT also be used within organisations to analyse power relations between different parts of the organisation? Can it be used, for example, by an international NGO with headquarters in one country and country offices in several countries?","Le PAT peut-il également être utilisé au sein des organisations pour analyser les relations de pouvoir entre les différentes parties de l’organisation ? Peut-il être utilisé, par exemple, par une ONG internationale ayant son siège dans un pays et des bureaux nationaux dans plusieurs pays ?",
FAQ,answer1,FAQ.answer1,"This is possible. Instead of analysing power relations between partners, the participants will analyse power relations between the different offices, units and gremia.","C'est possible. Au lieu d'analyser les relations de pouvoir entre les partenaires, les participants analyseront les relations de pouvoir entre les différents bureaux, unités et gremia.",
FAQ,question2,FAQ.question2,"Should the PAT be held in one, uninterrupted in-person (with the participants' physical presence) or online session? ",Le PAT devrait-il se dérouler en une seule session ininterrompue en personne (avec la présence physique des participants) ou en ligne ? ,
FAQ,answer2,FAQ.answer2,"No, the PAT can also be organised over a prolonged period with a combination of inperson and online sessions, as long as the sequence of the steps remains the same. Organisations have experimented with various combinations. Step One (identification of important decisions) can be done by email or app over a period of several days or weeks. The same applies to Step Two (determining the actual level of participation in decision-making). One organisation used Survey Monkey for partners to indicate the actual level of participation in decision-making) Subsequent steps 3, 4, and 5 require higher levels of interactivity and are best conducted in in-person or virtual sessions.","Non, le PAT peut également être organisé sur une période prolongée avec une combinaison de séances en présentiel et en ligne, à condition que la séquence des étapes reste la même. Les organisations ont expérimenté diverses combinaisons. La première étape (identification des décisions importantes) peut être réalisée par email ou via une application sur une période de plusieurs jours ou semaines. Il en va de même pour la deuxième étape (détermination du niveau réel de participation à la prise de décision). Une organisation a utilisé Survey Monkey pour que les partenaires indiquent le niveau réel de participation à la prise de décision. Les étapes suivantes 3, 4 et 5 nécessitent des niveaux d'interactivité plus élevés et sont mieux réalisées lors de sessions en personne ou virtuelles.",
FAQ,question3,FAQ.question3,What is the ideal size of a PAT discussion group?,Quelle est la taille idéale d’un groupe de discussion PAT ?,
FAQ,answer3,FAQ.answer3,"Experience suggests that, similar to focus group discussions, having 8-12 participants works very well. A smaller group is also possible, but facilitation becomes difficult with more than 12 participants. To avoid big groups, it is suggested that each partner should be represented by only one person. It is crucial that this person is well informed about how his/her organisation is involved, or is not involved, in taking important decisions in the partnership. A second reason for each partner being represented by only one person is to avoid that some partners dominate the discussion because they are with more than one representative.","L'expérience suggère que, comme pour les discussions de groupe, le fait d'avoir 8 à 12 participants fonctionne très bien. Un groupe plus restreint est également possible, mais l'animation devient difficile avec plus de 12 participants. Pour éviter les grands groupes, il est suggéré que chaque partenaire soit représenté par une seule personne. Il est essentiel que cette personne soit bien informée de la manière dont son organisation est impliquée ou non dans la prise de décisions importantes dans le cadre du partenariat. Une deuxième raison pour laquelle chaque partenaire est représenté par une seule personne est d'éviter que certains partenaires dominent la discussion parce qu'ils sont avec plus d'un représentant.","L'expérience suggère que, comme pour les discussions de groupe, le fait d'avoir 8 à 12 participants fonctionne très bien. Un groupe plus restreint est également possible, mais le facilitation devient difficile avec plus de 12 participants. Pour éviter les grands groupes, il est suggéré que chaque partenaire soit représenté par une seule personne. Il est essentiel que cette personne soit bien informée de la manière dont son organisation est impliquée ou non dans la prise de décisions importantes dans le cadre du partenariat. Une deuxième raison pour laquelle chaque partenaire est représenté par une seule personne est d'éviter que certains partenaires dominent la discussion parce qu'ils sont avec plus d'un représentant."
FAQ,question4,FAQ.question4,What to do if more persons of the same partner want to attend?,Que faire si plusieurs personnes du même partenaire souhaitent y assister ?,
FAQ,answer4,FAQ.answer4,"There may be good reasons for having more than person of the same organisation participating in a PAT session. If that is the case, it is important make sure that:","Il peut y avoir de bonnes raisons pour que plusieurs personnes d'une même organisation participent à une session PAT. Si tel est le cas, il est important de s’assurer que :",
FAQ,answer4a,FAQ.answer4a,At least one of the partners' participants knows how their organisation is involved in decision-making processes in the partnership.,Au moins un des participants des partenaires sait comment son organisation est impliquée dans les processus décisionnels du partenariat.,
FAQ,answer4b,FAQ.answer4b,"The participants of that partner choose one representative to actively participate in the scoring in steps 2 and 4. So, when it comes to scoring the actual level of participation (step 2) and the desired level of participation (step 3), each partner speaks with one voice through the representative","Les participants de ce partenaire choisissent un représentant pour participer activement à la notation aux étapes 2 et 4. Ainsi, lorsqu'il s'agit de noter le niveau de participation réel (étape 2) et le niveau de participation souhaité (étape 3), chaque partenaire s'exprime. d'une seule voix par l'intermédiaire du représentant",
FAQ,question5,FAQ.question5,"What to do if there are too many partners to invite them all to a PAT session? This can, for example, be the case if a national partner works with dozens or hundreds of local partners spread across the country.","Que faire s’il y a trop de partenaires pour les inviter tous à une session PAT ? Cela peut, par exemple, être le cas si un partenaire national travaille avec des dizaines ou des centaines de partenaires locaux répartis dans tout le pays.",
FAQ,answer5,FAQ.answer5,"In that case, it is possible to invite one or a few typical local partners, assuming that their perspective on power is representative of the group. In case of doubt, it is important to test this assumption afterwards. This can be done by asking some of the other partners who were not present at the session whether the opinions of the ones representing them.","Dans ce cas, il est possible d’inviter un ou quelques partenaires locaux typiques, en supposant que leur vision du pouvoir soit représentative du groupe. En cas de doute, il est important de tester cette hypothèse par la suite. Cela peut être fait en demandant à certains des autres partenaires qui n'étaient pas présents à la session si les opinions de ceux qui les représentaient.",
FAQ,question6,FAQ.question6,We want to include the donor in our analysis but do not want the donor to participate in the PAT session. What should we do?,Nous souhaitons inclure le donateur dans notre analyse mais ne voulons pas qu'il participe à la session PAT. Que devons-nous faire ?,
FAQ,answer6,FAQ.answer6,It is possible to have one participant act as the donor in the PAT session. It is important to be aware that this ‘stand-in’ donor representative might not understand the donor perspective completely,Il est possible qu'un participant agisse en tant que donateur lors de la session PAT. Il est important d’être conscient que ce représentant « suppléant » des donateurs pourrait ne pas comprendre complètement le point de vue des donateurs.,
FAQ,question7,FAQ.question7,Can the PAT be used for evaluations or mid-term reviews?,Le PAT peut-il être utilisé pour des évaluations ou des revues à mi-parcours ?,
FAQ,answer7,FAQ.answer7,"Yes, during a workshop about PAT 2.0 in May 2023, several organisations reported that they had successfully used the PAT to evaluate power relations in a partnership.","Oui, lors d’un atelier sur le PAT 2.0 en mai 2023, plusieurs organisations ont rapporté avoir utilisé avec succès le PAT pour évaluer les relations de pouvoir dans un partenariat.",
FAQ,question8,FAQ.question8,Why not include a generic list of important decisions to be taken in partnerships with CSOs?,Pourquoi ne pas inclure une liste générique des décisions importantes à prendre en partenariat avec les OSC ?,
FAQ,answer8,FAQ.answer8,"Decisions considered important in one partnership may not be that important for another. For example, if the partnership is composed of partners responsible for their own fundraising, decisions about allocating resources may not be a big issue. But if partners raise funds together, decisions about the allocation of resources become very important. In a similar way, partnerships of CSOs that focus primarily on service provision (for example, in health care), decisions about positioning in a political debate may not be very important. The opposite is the case for partnerships that focus on lobbying and advocacy. In PAT 1.0, we included a generic list of examples of decisions, but this sometimes caused confusion and unnecessary discussions. That’s why we did not include a generic list in the main text of this PAT 2.0. Nonetheless, a generic list (see below) can be useful as part of Step One, provided it is handled with care. The facilitator should avoid lengthy discussions about this list. Some of these decisions may be important in your partnerships, whereas others are not important at all. Please note that in your partnership, there can be decisions that don’t feature at all in this generic list.","Les décisions considérées comme importantes dans un partenariat peuvent ne pas l’être dans un autre. Par exemple, si le partenariat est composé de partenaires responsables de leur propre collecte de fonds, les décisions concernant l'allocation des ressources peuvent ne pas poser de problème majeur. Mais si les partenaires collectent des fonds ensemble, les décisions concernant l’allocation des ressources deviennent très importantes. De la même manière, dans le cas des partenariats d'OSC qui se concentrent principalement sur la prestation de services (par exemple dans le domaine des soins de santé), les décisions concernant le positionnement dans un débat politique peuvent ne pas être très importantes. L’inverse est vrai pour les partenariats axés sur le lobbying et le plaidoyer. Dans PAT 1.0, nous avons inclus une liste générique d'exemples de décisions, mais cela a parfois provoqué de la confusion et des discussions inutiles. C'est pourquoi nous n'avons pas inclus de liste générique dans le texte principal de ce PAT 2.0. Néanmoins, une liste générique (voir ci-dessous) peut être utile dans le cadre de la première étape, à condition qu'elle soit manipulée avec soin. L'animateur doit éviter de longues discussions sur cette liste. Certaines de ces décisions peuvent être importantes dans vos partenariats, tandis que d’autres ne le sont pas du tout. Veuillez noter que dans votre partenariat, certaines décisions peuvent ne pas figurer du tout dans cette liste générique.",
FAQ,question9,FAQ.question9,Step 1. is about identifying and listing important decisions to be made in the partnership. How can important decisions be formulated in an unambiguous and meaningful way?,La première étape consiste à identifier et à lister les décisions importantes à prendre dans le cadre du partenariat. Comment formuler des décisions importantes de manière univoque et significative ?,
FAQ,answer9,FAQ.answer9,"The challenge is to formulate decisions that are balanced between being too general and too specific. For example, Decisions about the allocation of resources can be a formulation that is too broad for having a meaningful discussion. Every partner will, in one way or another, have some decision-making power in allocating resources. This issue is, at what level? Therefore, in many cases, it could be better to split the allocation of resources into several sub-categories, such as for example: ","Le défi consiste à formuler des décisions qui soient équilibrées entre le caractère trop général et le caractère trop spécifique. Par exemple, les décisions concernant l'allocation des ressources peuvent être une formulation trop large pour avoir une discussion significative. Chaque partenaire aura, d’une manière ou d’une autre, un certain pouvoir de décision dans l’allocation des ressources. Cette problématique se situe à quel niveau ? Par conséquent, dans de nombreux cas, il pourrait être préférable de diviser l’allocation des ressources en plusieurs sous-catégories, comme par exemple : ",
FAQ,answer9a,FAQ.answer9a,Decisions about the allocation of resources among countries ,Décisions concernant la répartition des ressources entre les pays ,
FAQ,answer9b,FAQ.answer9b,Decisions about the allocation of resources among partners in a country,Décisions concernant l'allocation des ressources entre les partenaires d'un pays,
FAQ,answer9c,FAQ.answer9c,Decisions about the allocation of resources to specific projects T,Décisions concernant l'allocation des ressources à des projets spécifiques T,
FAQ,answer9End,FAQ.answer9End,"There is also a risk of becoming too specific and creating too many subcategories. Bear in mind that each subcategory tends to be discussed. If the subcategorization is too detailed, such discussions may end up in tiresome and time-consuming splitting of hairs. Avoid this by focusing on the big issues.","Il existe également un risque de devenir trop spécifique et de créer trop de sous-catégories. Gardez à l’esprit que chaque sous-catégorie a tendance à être discutée. Si la sous-catégorisation est trop détaillée, de telles discussions peuvent aboutir à des discussions fastidieuses et chronophages. Évitez cela en vous concentrant sur les gros problèmes.",
HelpModal,greeting,HelpModal.greeting,Hi {fullname},Salut {fullname},
HelpModal,title,HelpModal.title,How can we help?,Comment pouvons-nous vous aider ?,
HelpModal,searchPlaceholder,HelpModal.searchPlaceholder,Search,Recherche,
Dashboard,userProfile,Dashboard.userProfile,Your Profile,Votre profil,
Dashboard,userProfileTitle,Dashboard.userProfileTitle,Personal Info,Informations personnelles,
Dashboard,save,Dashboard.save,Save,Sauvegarder,
Dashboard,cancel,Dashboard.cancel,Cancel,Annuler,
Dashboard,userProfileSubtitle,Dashboard.userProfileSubtitle,Update your profile and personal details,Mettez à jour votre profil et vos informations personnelles,
Dashboard,manageUsers,Dashboard.manageUsers,Manage Users,Gérer les utilisateurs,
Dashboard,statistics,Dashboard.statistics,Statistics,Statistiques,
ManageUsers,accounts,ManageUsers.accounts,Accounts,Comptes,
ManageUsers,totalUsers,ManageUsers.totalUsers,{total} users,{total} utilisateurs,
ManageUsers,colName,ManageUsers.colName,Name,Nom,
ManageUsers,colCountry,ManageUsers.colCountry,Country,Pays,
ManageUsers,colEmail,ManageUsers.colEmail,Email Address,Adresse email,
ManageUsers,colRole,ManageUsers.colRole,Role,Rôle,
ManageUsers,deleteText,ManageUsers.deleteText,Delete account,Supprimer le compte,
ManageUsers,deleteTitle,ManageUsers.deleteTitle,Confirm Deletion,Confirmer la suppression,
ManageUsers,deleteMessage,ManageUsers.deleteMessage,Are you sure you want to delete this user? This action cannot be undone.,Êtes-vous sûr de vouloir supprimer cet utilisateur ? Cette action ne peut pas être annulée.,
ManageUsers,editText,ManageUsers.editText,Edit account,Modifier le compte,
ManageUsers,roleAdminValue,ManageUsers.roleAdminValue,Super Admin,Super administrateur,
ManageUsers,roleUserValue,ManageUsers.roleUserValue,Regular User,Utilisateur régulier,
Statistics,noAccounts,Statistics.noAccounts,Number of accounts,Nombre de comptes,
Statistics,noAccountsLast30,Statistics.noAccountsLast30,New accounts in the last 30 days,Nouveaux comptes au cours des 30 derniers jours,
Statistics,noSessionCompleted,Statistics.noSessionCompleted,Number of sessions completed,Nombre de séances complétées,
Statistics,noSessionCompletedLast30,Statistics.noSessionCompletedLast30,Number of sessions completed in last 30 days,Nombre de séances réalisées au cours des 30 derniers jours,
Statistics,noAccountPurpose,Statistics.noAccountPurpose,Number of users in each purpose of account category,Nombre d'utilisateurs dans chaque objectif de la catégorie de compte,
Statistics,noSessionCreated,Statistics.noSessionCreated,Number of cases created per month grouped by year,Nombre de dossiers créés par mois regroupés par année,
DeleteSession,title,DeleteSession.title,Delete PAT Session,Supprimer la session PAT,
DeleteSession,labelText,DeleteSession.labelText,Title,Titre,
DeleteSession,facilitatorText,DeleteSession.facilitatorText,Are you sure you want to delete your PAT Session? it will no longer be available for participants as well. This action cannot be undone,Êtes-vous sûr de vouloir supprimer votre session PAT ? il ne sera plus disponible non plus pour les participants. Cette action ne peut pas être annulée,
DeleteSession,checkboxText,DeleteSession.checkboxText,"Yes, I want to delete this item","Oui, je souhaite supprimer cet élément",
DeleteSession,cancel,DeleteSession.cancel,Cancel,Annuler,
DeleteSession,delete,DeleteSession.delete,Delete,Supprimer,
DeleteSession,participantText,DeleteSession.participantText,Are you sure you want to delete your PAT Session? it will no longer be available for you but will still be accessible to other participants. This action cannot be undone,Êtes-vous sûr de vouloir supprimer votre session PAT ? il ne sera plus disponible pour vous mais sera toujours accessible aux autres participants. Cette action ne peut pas être annulée,
DeleteSession,archive,DeleteSession.archive,Archive,Archive,
Dashboard,filterByRole,Dashboard.filterByRole,Filter by Role,Filtrer par rôle,
Dashboard,edit,Dashboard.edit,Edit session info,Modifier,
Session,step6Desc,Session.step6Desc,"Before concluding the session, the facilitator is prompted to provide additional insights or details about the discussions. Ensure that all participants have submitted their comments from their accounts before publishing the session.","Avant de conclure la session, l'animateur est invité à fournir des informations ou des détails supplémentaires sur les discussions. Assurez-vous que tous les participants ont soumis leurs commentaires depuis leur compte avant de publier la session.",
Session,successComment,Session.successComment,You successfully submitted your comments,Vous avez soumis vos commentaires avec succès,
Session,step4ActiveLabel,Session.step4ActiveLabel,Actual levels of decision making,Niveaux réels de prise de décision,
Session,step4DesiredLabel,Session.step4DesiredLabel,Desired levels of decision making,Niveaux de prise de décision souhaités,
Landing,whyUseText1,Landing.whyUseText1,"As the name suggests, the PAT makes partners aware of power relations in partnerships by making them visible. In any partnership, decision-making power can be a silent yet critical factor. Who gets to decide what and how can make or break a collaboration. The Power Awareness Tool (PAT) helps you shine a light on these dynamics and explore how power can be shifted while ensuring that all partners are involved.","Comme son nom l’indique, le PAT sensibilise les partenaires aux relations de pouvoir dans les partenariats en les rendant visibles. Dans tout partenariat, le pouvoir de décision peut être un facteur silencieux mais crucial. Qui décide quoi et comment peut faire ou défaire une collaboration. Le Power Awareness Tool (PAT) vous aide à mettre en lumière ces dynamiques et à explorer comment le pouvoir peut être transféré tout en garantissant l’implication de tous les partenaires.",
Landing,whyUseText2,Landing.whyUseText2,"This is necessary because in many partnerships for development, donors and international NGOs have too much power, and local NGOs in the Global South too little. There is widespread agreement that this should change.  Despite this consensus, the power imbalances persist. Apparently, it is hard to put the principles into practice. Therefore, Partos developed the Power Awareness Tool.  By using the PAT, you'll be able to: ","Cela est nécessaire car dans de nombreux partenariats pour le développement, les donateurs et les ONG internationales ont trop de pouvoir, et les ONG locales du Sud trop peu. Il existe un large consensus sur le fait que cela devrait changer.  Malgré ce consensus, les déséquilibres de pouvoir persistent. Apparemment, il est difficile de mettre ces principes en pratique. Par conséquent, Partos a développé l’outil de sensibilisation au pouvoir.  En utilisant le PAT, vous pourrez : ",
Landing,whyUseText2a,Landing.whyUseText2a,Identify crucial decision-making topics and who holds decision-making power in your partnership.,Identifiez les sujets de prise de décision cruciaux et qui détient le pouvoir décisionnel dans votre partenariat.,
Landing,whyUseText2b,Landing.whyUseText2b,Avoid misunderstandings and frictions that can undermine your collaboration.,Évitez les malentendus et les frictions qui pourraient nuire à votre collaboration.,
Landing,whyUseText2c,Landing.whyUseText2c,Have open and honest discussions about decision-making processes.,Ayez des discussions ouvertes et honnêtes sur les processus de prise de décision.,
Landing,whyUseText2d,Landing.whyUseText2d,Agree on how to involve all partners in decision-making  in a way that works for everyone.,Convenez de la manière d'impliquer tous les partenaires dans la prise de décision d'une manière qui fonctionne pour tout le monde.,
Landing,whyUseTextEnd,Landing.whyUseTextEnd,"
The PAT doesn't dictate how you should make decisions - that's up to you and your partners. Instead, it empowers you to have a clear and open-minded conversation about power dynamics, leading to a stronger and more effective partnership.","
Le PAT ne dicte pas la manière dont vous devez prendre des décisions – cela dépend de vous et de vos partenaires. Au lieu de cela, cela vous permet d’avoir une conversation claire et ouverte sur la dynamique du pouvoir, conduisant à un partenariat plus fort et plus efficace.",